epoch,time,train/box_loss,train/cls_loss,train/dfl_loss,metrics/precision(B),metrics/recall(B),metrics/mAP50(B),metrics/mAP50-95(B),val/box_loss,val/cls_loss,val/dfl_loss,lr/pg0,lr/pg1,lr/pg2
1,2441.73,0.43874,3.30055,0.97228,0.93385,0.27611,0.38493,0.36402,0.30879,1.68245,0.95086,0.00019488,0.00019488,0.00019488
2,2967.47,0.26428,1.42965,0.84956,0.66069,0.64758,0.66944,0.66908,0.13165,0.96755,0.91904,0.000313486,0.000313486,0.000313486
3,3316.19,0.22441,0.99614,0.83461,0.82715,0.85115,0.89608,0.89412,0.13332,0.71921,0.95066,0.000354476,0.000354476,0.000354476
4,3582.76,0.19644,0.79956,0.82721,0.87006,0.95245,0.93309,0.93173,0.17753,0.56307,0.99113,0.000238728,0.000238728,0.000238728
5,3844.33,0.17768,0.70222,0.8273,0.90856,0.98564,0.94764,0.94549,0.13245,0.54066,0.98177,0.000122304,0.000122304,0.000122304
